grdc/arcid,row,col,arcid
2106500,9176,36359,29743
2106600,9617,36360,31304
2151100,13134,27959,41004
2178100,14530,34044,44609
2178300,10559,33826,33819
2178500,10679,34559,34175
2180400,11439,30676,-99
2180500,11826,32039,37482
2180700,11800,32759,37488
2180711,10680,31619,34494
2180750,11784,32999,37490
2180800,11775,33359,37493
2181300,13439,30446,41658
2181400,13200,31994,41352
2181500,12138,29208,-99
2181600,12839,32740,40059
2181800,12795,33479,40065
2181850,13691,33599,42600
2181900,12786,34199,40071
2181950,12240,34247,38766
2182100,12318,32159,38748
2186500,14690,32039,44875
2186800,14550,32759,44598
2186900,14473,33120,44322
2186950,14618,33360,44604
2217102,11400,22537,36422
2217200,11259,22673,-99
2218100,11640,21209,37065
2218200,11917,21274,-99
2218450,11380,22070,-99
2240100,11943,23049,-99
2240200,11887,22931,-99
2260100,13920,28967,-99
2260500,14879,29048,45137
2261500,15613,29147,-99
2335200,11999,23383,37727
2335950,14159,22383,43389
2337100,13122,23040,40964
2423500,12599,17712,39267
2423800,12492,18000,39270
2428200,12032,18119,37997
2428350,12360,18363,38955
2469050,15384,30512,-99
2469060,15239,30618,45964
2469072,15855,30626,-99
2469140,15807,30629,-99
2469260,16532,31390,-99
2548400,13319,25496,41298
2548500,13243,25560,41299
2549350,13439,26065,41622
2549500,13549,26160,41935
2550200,13559,26926,41941
2550450,13679,26820,42242
2569003,17399,31227,49817
2587100,9810,39969,-99
2588551,11542,39719,36866
2589500,11204,39313,-99
2595400,12359,16621,38619
2595600,11519,16400,36371
2595700,12239,16599,38297
2651100,14159,27511,43432
2677100,11154,36480,35520
2694510,11665,36839,37183
2706100,8764,32639,28494
2707100,8250,29999,26320
2707500,8314,30839,26764
2707600,8498,30839,27200
2707700,8413,31440,27206
2744200,8408,27599,27173
2836100,11973,23760,37731
2837100,12239,23955,38358
2839100,12555,24120,39321
2846800,14159,27113,43428
2851300,13884,27960,42847
2851500,13679,28259,42254
2853050,14639,23416,44521
2853150,14759,23541,44805
2853200,14888,23640,45376
2853300,15047,23520,45653
2853500,14640,25179,44818
2854020,14758,26759,44831
2854050,14490,26879,44269
2854100,15998,24239,47624
2854150,16247,24239,48060
2854180,16199,24529,47850
2854300,16181,25319,47856
2854400,16351,24719,48278
2854450,16446,24480,48484
2854500,16687,25199,48887
2854700,17168,24359,49620
2854800,17546,24959,50192
2855800,15239,26378,45938
2856200,15578,24359,46661
2856300,15596,24599,46663
2856320,15628,24719,46915
2856500,15650,25079,46918
2856530,15470,25079,46425
2856550,15359,25147,46176
2856600,15599,25267,46669
2856900,16079,25618,47636
2876500,10200,36537,33124
2893100,10799,36179,34526
2901200,4559,46475,11873
2901201,4450,47511,-99
2901300,5259,45960,15196
2902850,6654,44800,-99
2903050,6279,33398,-99
2903052,7364,32999,23215
2903054,6960,34036,21866
2903056,6720,33786,20996
2903070,5609,38520,16680
2903080,5760,38355,17645
2903081,5895,38520,18092
2903087,6279,37452,-99
2903120,6912,34080,21426
2903150,5220,38279,15132
2903151,5548,37679,16672
2903152,5847,36599,17630
2903215,6899,33479,21420
2903240,6616,33599,20577
2903300,6412,31920,19732
2903301,6934,31799,21406
2903330,6545,31319,20144
2903401,6481,36119,20184
2903402,6120,36518,18942
2903422,7200,31372,22743
2903424,6852,31319,21402
2903426,6292,31995,-99
2903427,5824,33161,-99
2903428,5647,34976,-99
2903429,5320,37129,-99
2903430,2794,36429,-99
2903470,5399,36334,15643
2903471,5279,35839,15112
2903475,5526,36720,16665
2903479,5680,35759,17154
2903480,5880,35128,18063
2903482,6840,34964,21433
2903490,5760,34580,17614
2903495,5519,34979,16145
2903497,5639,34667,16647
2903601,5331,38519,15661
2903602,5912,37919,18086
2903603,6073,36719,18522
2903605,6240,35689,19342
2903630,5816,34079,17609
2903647,5875,32879,17599
2903650,6360,33346,19743
2903654,6240,33073,19320
2903701,5162,34200,15099
2903702,4988,33359,14016
2903703,5031,32999,14013
2903704,4919,32267,13462
2903710,4746,34919,12926
2903721,4679,34003,12349
2903722,4319,33535,10582
2903728,4655,32999,12340
2903730,5039,33956,14021
2903740,5280,32350,15610
2906200,7612,34319,24146
2906201,7340,34793,-99
2906300,8212,37180,-99
2906500,7733,36960,24628
2906700,8534,38409,-99
2906800,9360,38051,30553
2906900,8040,38889,25968
2906901,7560,39686,24191
2907010,7319,32244,22750
2907020,7698,31920,24586
2907043,7942,32040,25476
2907060,7920,31602,25472
2907061,8056,32160,25912
2907080,8008,31439,25470
2907400,7674,31799,-99
2907403,8040,31472,25906
2908010,6388,29160,19709
2908011,6600,29618,20544
2908050,6240,28590,19283
2908099,6240,30645,19300
2908100,6205,28440,18875
2908101,6141,29520,18884
2908102,6600,30431,20551
2908105,7680,31112,24579
2908106,6758,32400,20985
2908180,7471,30719,23654
2908190,7080,30481,22286
2908200,7080,30129,22283
2908210,6720,30983,20973
2908303,6840,29861,21390
2908680,5963,29880,18020
2909150,3975,26760,9340
2909151,4560,27080,12291
2909152,5372,27600,15571
2909153,6180,28200,18873
2909154,6720,28286,20950
2909156,6917,28079,21375
2909158,7448,27959,23631
2909159,7680,28080,24554
2909161,7679,28678,24099
2909163,7560,29058,24103
2909164,7764,28800,24560
2909240,7681,28079,24553
2909260,7402,27959,23173
2909314,7239,28200,22717
2909321,7265,28680,22721
2909360,6625,28560,20536
2909391,6038,28320,18453
2909400,5196,28080,15048
2909401,5368,29040,15583
2909403,5889,30840,18028
2909520,4261,26160,10521
2909540,5143,26759,14493
2909560,5729,27359,17084
2909702,5411,31919,16119
2909704,4752,30000,12886
2909705,4410,27602,-99
2909720,4559,29681,11733
2910100,5668,23759,17054
2910110,4571,23759,12263
2910120,5399,22539,15528
2910130,5374,23039,15532
2910140,5653,23159,17049
2910150,5399,23309,15535
2910160,5399,23969,15540
2910170,5438,25079,16062
2910200,5792,25560,17539
2910230,6136,26160,18856
2910231,6037,27000,18442
2910240,6000,25195,18426
2910260,6240,25825,19260
2910300,6601,26383,-99
2910310,6289,26436,-99
2910312,6506,26760,20107
2910313,6372,27240,19693
2910314,6600,27711,20528
2910319,6940,27719,21372
2910326,6720,27111,20940
2910441,8040,26789,25867
2910470,7541,26520,23620
2910473,7741,27000,24545
2910490,7200,26955,22706
2910560,7491,26039,23615
2910581,6906,26280,21361
2910600,5897,25200,17981
2910601,6168,25892,-99
2910603,6853,25919,21357
2910606,7243,25522,-99
2910607,7336,26040,23158
2910608,7577,26400,24081
2910660,7219,26160,22700
2911095,5526,22560,16547
2911097,6120,22414,18824
2911098,6302,23040,19237
2911099,6504,23880,20083
2911100,6840,23628,21338
2911104,7966,24840,25416
2911105,8062,25440,25856
2911109,8639,26452,-99
2911200,6960,22587,21771
2911207,7800,21937,24950
2911391,6480,23809,20082
2911452,6955,23640,21339
2911456,6762,25080,20924
2911700,5760,22517,17513
2911703,5731,21599,17036
2911731,5869,22920,17517
2911820,8207,26280,26290
2912205,7149,21239,22208
2912303,6600,21930,20480
2912400,6432,21719,19646
2912401,6239,21308,18815
2912430,6494,21719,20064
2912550,4893,20879,13367
2912551,4927,20759,13911
2912553,5173,20639,14985
2912556,4978,21479,13917
2912600,4200,21944,10485
2912602,5503,22463,-99
2912630,6295,21839,19226
2912640,4320,22467,11090
2912650,5949,20879,17944
2912657,5813,20879,17499
2912671,6603,21719,20478
2912680,6720,21479,20893
2913200,8187,21360,26249
2913550,8165,23760,26269
2914450,9337,24720,30046
2916200,9600,22088,31185
2916201,9195,20880,29615
2916203,10440,22583,33726
2916204,9360,21606,30416
2916500,9960,22566,32291
2916550,10199,22710,32646
2916850,10306,23280,33014
2916860,10200,23743,33017
2916890,10215,24240,33022
2917100,9961,20280,32272
2917110,11040,21627,35404
2917400,11120,22200,35409
2917450,10686,22320,34417
2917610,11159,22356,35410
2917700,11052,23160,35417
2917820,10965,23400,35089
2917900,10919,22709,34755
2917920,10799,22879,-99
2917950,11241,22440,35743
2919100,7741,19320,24481
2919200,7955,18273,-99
2919500,8040,19687,25808
2964080,15908,30120,47431
2964130,16559,30079,48496
2964999,16679,29773,48696
2969010,15292,30022,-99
2969087,16458,30719,48501
2969100,16188,31138,-99
2969150,16439,31028,48303
2969200,16506,31166,-99
2998110,3178,38657,-99
2998112,3941,38159,8862
2998150,3600,37604,7730
2998400,3459,41413,-99
2998401,4800,40052,13527
2998412,4679,40038,12399
2998450,3600,43019,7775
2998454,5280,42204,15692
2998461,3979,37799,9431
2998470,3840,38479,8865
2998471,3960,38527,9438
2998480,3700,38159,7734
2998500,3984,42877,-99
2998502,5160,42443,15167
2998505,5234,41519,15159
2998510,3662,44159,7784
2998511,5116,41159,14613
2998600,4693,40560,12974
2998702,3812,45400,-99
2998720,3806,44677,-99
2998735,4395,44880,11277
2998740,4050,43560,9480
2999150,2885,33372,-99
2999151,3360,33378,6634
2999200,4418,23434,-99
2999250,4200,25750,10517
2999500,4075,24764,-99
2999501,4320,24797,11109
2999510,4600,24599,12270
2999850,2880,30593,5024
2999900,3000,35535,5400
2999910,2880,35687,5067
2999920,3601,34320,7703
2999922,3734,33119,8249
5223100,18775,30515,-99
5224500,19331,30582,-99
6112090,10294,4080,32883
6113050,10714,3960,34301
6116200,11039,4165,34968
6122100,8379,6360,26561
6122300,8405,6480,26998
6123100,8789,5760,28271
6123300,8720,6360,27857
6125100,9480,6037,30693
6139100,9719,7137,31091
6139390,9239,7161,29516
6140400,7932,9360,25287
6142200,8601,10079,27457
6142620,8519,10275,27029
6211100,9997,4080,32181
6212400,10200,4680,32888
6212420,10199,4499,32538
6213700,10610,4800,33961
6213750,10559,5108,33608
6217100,11159,4562,35304
6226400,10143,5759,32548
6226600,10192,6120,32552
6226650,10199,6115,32551
6226800,10319,6132,32900
6227500,10773,5879,34316
6229500,6239,8910,18720
6233201,5633,10235,16453
6233221,5470,10113,15946
6233301,6126,9959,18728
6233401,5152,10177,14359
6233410,5923,10319,17861
6233502,4857,10874,13286
6233551,5193,10079,14902
6233650,4999,10199,13825
6233690,4627,11039,12164
6233710,4356,11159,11004
6233750,4319,11077,10395
6233850,4350,11533,11008
6233901,4079,11698,9223
6233910,4365,11800,11010
6242100,8540,9359,27451
6242500,8599,9959,27456
6335070,8060,7800,25709
6335150,8162,7920,26137
6335200,8400,7988,27010
6335304,8147,8040,25711
6335600,8292,8160,26576
6336500,8229,7559,26133
6337250,7495,8280,23468
6337517,7579,8159,23928
6340110,7395,8640,23013
6340160,7560,8875,23934
6340170,7705,8880,24394
6342500,8462,8639,27015
6342800,8449,9119,27019
6342925,8411,8999,27018
6343100,8583,8999,27448
6348400,9335,8279,29921
6348800,9359,8717,29925
6349500,9175,8640,29529
6351500,10079,9003,32212
6357010,7440,9419,23477
6357500,7680,9532,24399
6421500,7920,7383,25270
6435060,7702,7440,24382
6442500,8684,10559,27891
6444100,9119,10812,29145
6444200,8879,10842,28313
6457810,7527,9840,23481
6458010,7200,10521,22569
6458450,8084,11039,25735
6458500,7680,11094,24412
6458550,7536,11160,23492
6458600,8040,11332,25738
6458810,7439,11163,23034
6502100,7499,3960,23440
6542100,9119,10485,29142
6542500,9427,11039,30341
6545050,9119,9679,29135
6545800,9442,10799,30339
6546610,8999,9776,28724
6546800,9169,10319,29542
6547500,9480,11074,30732
6607650,7800,5999,24818
6667300,10883,12600,34681
6667400,11094,12600,35338
6688150,10356,13319,33295
6688600,10200,14601,32951
6688650,10320,14792,33308
6688900,10200,16011,32961
6691650,11279,14571,35683
6695200,10860,15240,34703
6695250,10679,15270,34021
6695400,10869,15600,34706
6730500,3342,12719,6066
6731310,5823,8456,17405
6731400,5879,8695,17407
6731401,5629,8879,16441
6742450,9567,11879,30738
6742700,9209,12599,29561
6742800,9360,12694,30355
6742900,9273,12959,29959
6744200,9087,11160,29148
6744500,8692,11520,27900
6842400,9640,11639,31124
6842800,9600,12298,31130
6842900,9564,12599,30744
6854100,5457,11400,15950
6854500,4560,12124,12169
6854600,4477,12240,11593
6854700,4319,11934,10402
6854701,4239,12480,10407
6854710,4163,12119,9801
6855200,5639,12459,16465
6855250,5279,12171,14915
6855400,5519,12955,15962
6855401,5113,13200,14381
6855402,5159,12679,14376
6864050,10199,11581,32577
6865500,10079,12213,32233
6935054,8740,8040,27871
6935302,8831,7799,28287
6939050,9119,7394,29116
6944250,8615,11520,27470
6970100,4815,15120,13320
6970102,5211,15479,14942
6970103,5400,15348,15981
6970250,4722,15960,12769
6970251,4957,16080,13873
6970252,5280,16833,15481
6970270,5160,16272,14949
6970272,5520,16124,16493
6970400,4679,16382,12202
6970402,4937,17160,13882
6970460,5618,16919,16499
6970462,5879,15598,17455
6970500,4560,16947,12207
6970501,4800,17640,13341
6970520,4680,17082,12778
6970560,4381,16920,11044
6970680,5428,17400,15999
6970681,5281,18120,15492
6970682,5323,18840,15498
6970700,3917,18599,8701
6970701,4440,18509,11640
6970702,4319,19237,10463
6970703,4680,19879,12801
6970704,5040,19467,14433
6970720,5279,18125,14965
6970770,5604,17280,16503
6970810,4452,18359,11638
6970850,4200,20296,10472
6970851,4300,20759,10475
6970901,4705,18840,12793
6971130,3680,13679,7553
6971400,3600,14568,7561
6971450,4046,15839,9257
6972135,4680,14325,12756
6972350,5886,12730,17877
6972430,5797,13320,17437
6972610,5519,14356,15973
6972801,4570,14323,12187
6973300,6750,12360,20818
6974150,6935,11520,21238
6975010,6230,15359,18765
6975080,6600,14386,20417
6975110,6881,16079,21275
6975140,7085,14879,22155
6975200,6840,17105,21284
6975500,6239,16566,18776
6976100,6784,18480,20869
6976200,6104,18000,18367
6976400,6840,19250,21302
6976450,6960,19440,21745
6977100,8519,16738,27083
6978250,8759,15733,27935
6978251,8134,15719,25774
6978500,8196,16320,26207
6979500,7679,13043,23969
6979600,7869,13440,24880
6980300,8759,13540,27916
6980800,8639,14432,27494
6980801,8154,13439,25755
6980802,8942,13920,28759
6981800,8927,13079,28751
6983355,9360,15363,30370
6985320,10034,16080,32244
6990700,10679,17759,34041
28704,8880,7399,28704
29115,9119,7272,29115
29517,9163,7200,29517
NO_0000203,1217,8844,-99
NO_0000204,1359,9911,-99
2903420,3190,36568,-99
6830510,3379,12485,-99
NO_0000175,3424,10764,-99
NO_0000185,3455,13319,-99
RU_0000224,3485,13631,-99
RU_0000419,3505,27190,-99
FI_0000059,3606,12427,-99
FI_0000054,3624,12829,-99
FI_0000055,3633,12797,-99
2998800,3713,47790,-99
FI_0000057,3732,12225,-99
RU_0000095,3735,42813,-99
NO_0000120,3742,9769,-99
RU_0000469,3843,13890,-99
FI_0000051,3856,11677,-99
NO_0000124,3875,9719,-99
RU_0000234,3918,13979,-99
RU_0000468,3937,13463,-99
6970700,3937,18526,-99
RU_0000392,3942,38012,-99
NO_0000156,3951,9569,-99
NO_0000200,4008,9502,-99
SE_0000090,4025,11603,-99
SE_0000089,4035,11660,-99
6971451,4049,15519,-99
RU_0000457,4078,18270,-99
RU_0000236,4090,13288,-99
RU_0000467,4111,13407,-99
6971150,4150,14237,-99
RU_0000081,4172,21962,-99
RU_0000104,4174,25744,-99
RU_0000230,4194,15730,-99
6854701,4207,12568,-99
NO_0000113,4215,9324,-99
RU_0000476,4217,17577,-99
6233785,4220,11204,-99
RU_0000133,4221,14782,-99
NO_0000152,4223,9156,-99
FI_0000095,4230,13035,-99
NO_0000151,4259,9847,-99
SE_0000037,4287,11477,-99
SE_0000087,4291,11593,-99
NO_0000115,4297,9144,-99
IS_0000001,4315,2050,-99
6233780,4315,11271,-99
NO_0000117,4325,9014,-99
SE_0000036,4328,11769,-99
RU_0000442,4337,22520,-99
6731610,4343,9186,-99
6233755,4358,11086,-99
6233520,4380,9693,-99
FI_0000094,4399,12014,-99
RU_0000455,4399,15700,-99
FI_0000093,4409,12062,-99
IS_0000020,4410,2114,-99
6731601,4411,9188,-99
6233680,4429,10198,-99
6731600,4441,9411,-99
6970701,4449,18509,-99
RU_0000449,4469,14203,-99
6401200,4480,1416,-99
RU_0000237,4500,13445,-99
FI_0000050,4514,12097,-99
RU_0000115,4549,16434,-99
6970500,4554,16953,-99
IS_0000021,4557,2088,-99
RU_0000477,4571,14309,-99
RU_0000416,4572,29735,-99
RU_0000451,4576,14275,-99
NO_0000163,4579,9244,-99
RU_0000443,4585,24618,-99
NO_0000164,4586,9339,-99
RU_0000450,4612,13717,-99
RU_0000249,4614,18283,-99
6233690,4620,11004,-99
6970400,4628,16434,-99
RU_0000240,4631,14352,-99
6401080,4632,858,-99
FI_0000127,4643,12869,-99
FI_0000086,4648,11904,-99
6854591,4664,12426,-99
RU_0000220,4672,15499,-99
RU_0000394,4680,40039,-99
RU_0000395,4686,40043,-99
6731555,4688,8893,-99
RU_0000396,4692,40640,-99
FI_0000085,4719,11852,-99
RU_0000239,4738,14498,-99
RU_0000440,4738,20627,-99
FI_0000121,4745,11771,-99
6854590,4749,13097,-99
RU_0000238,4756,13775,-99
6970250,4761,16055,-99
6233470,4781,9384,-99
FI_0000084,4803,11701,-99
6401090,4811,962,-99
RU_0000135,4818,14700,-99
6233502,4832,10817,-99
RU_0000109,4843,15235,-99
IS_0000007,4848,1092,-99
6233460,4862,9121,-99
RU_0000219,4868,15504,-99
NO_0000144,4882,8912,-99
RU_0000474,4885,14969,-99
RU_0000456,4886,18930,-99
IS_0000002,4914,1311,-99
FI_0000081,4923,11696,-99
6233700,4934,10389,-99
FI_0000082,4935,11871,-99
NO_0000146,4949,8806,-99
FI_0000078,4950,11448,-99
2903600,4968,37681,-99
6233650,4997,10145,-99
6731501,5010,8457,-99
FI_0000122,5020,11248,-99
6855280,5028,12126,-99
FI_0000028,5042,11203,-99
RU_0000453,5045,18199,-99
RU_0000207,5062,14266,-99
6855401,5094,13236,-99
RU_0000208,5106,14251,-99
6233555,5111,9855,-99
6233550,5120,9908,-99
SE_0000011,5130,8908,-99
FI_0000125,5131,11152,-99
NO_0000130,5139,7904,-99
6855402,5146,12667,-99
FI_0000079,5150,11673,-99
NO_0000132,5152,7591,-99
6233401,5154,10173,-99
FI_0000135,5154,12247,-99
RU_0000003,5174,45846,-99
RU_0000376,5175,42567,-99
RU_0000206,5180,14628,-99
6233551,5192,10069,-99
FI_0000021,5213,11764,-99
FI_0000126,5221,11179,-99
RU_0000245,5221,16241,-99
FI_0000010,5234,12096,-99
RU_0000372,5250,41632,-99
RU_0000375,5257,42160,-99
NO_0000046,5263,7550,-99
RU_0000389,5267,36942,-99
RU_0000390,5274,34471,-99
6731175,5301,7462,-99
FI_0000068,5302,11531,-99
RU_0000373,5305,41377,-99
FI_0000047,5314,11738,-99
6731455,5321,8222,-99
6970705,5321,19640,-99
FI_0000070,5352,11464,-99
RU_0000209,5363,14068,-99
NO_0000066,5372,7478,-99
RU_0000221,5384,15184,-99
FI_0000066,5403,11660,-99
FI_0000025,5430,11395,-99
6731165,5439,7407,-99
6731450,5439,8462,-99
FI_0000065,5441,11699,-99
6233205,5445,9121,-99
RU_0000212,5446,13794,-99
FI_0000016,5449,11334,-99
6731160,5459,7294,-99
6233221,5468,10098,-99
FI_0000075,5470,11220,-99
NO_0000068,5486,7184,-99
RU_0000478,5487,19007,-99
RU_0000384,5501,36890,-99
NO_0000069,5504,7567,-99
RU_0000211,5507,13990,-99
RU_0000325,5524,19737,-99
NO_0000070,5527,7268,-99
RU_0000144,5533,14228,-99
RU_0000382,5560,35029,-99
RU_0000216,5568,12839,-99
RU_0000205,5579,14628,-99
RU_0000215,5591,12943,-99
NO_0000006,5604,8733,-99
6731530,5607,8886,-99
FI_0000137,5611,12630,-99
6731200,5612,7505,-99
RU_0000387,5616,38400,-99
6233201,5623,10184,-99
RU_0000472,5630,15488,-99
RU_0000303,5634,15021,-99
RU_0000434,5637,23764,-99
RU_0000241,5643,15728,-99
RU_0000204,5647,14363,-99
RU_0000383,5655,35825,-99
RU_0000243,5667,16592,-99
6731140,5673,7617,-99
NO_0000106,5673,8814,-99
NO_0000074,5676,7321,-99
6731402,5699,8802,-99
6731150,5700,7305,-99
FI_0000046,5705,11996,-99
RU_0000445,5706,20500,-99
RU_0000380,5727,34037,-99
RU_0000213,5728,13203,-99
NO_0000210,5762,8591,-99
RU_0000203,5779,14183,-99
RU_0000301,5785,14643,-99
6731310,5788,8377,-99
RU_0000433,5788,25656,-99
6972430,5799,13327,-99
NO_0000047,5803,7404,-99
RU_0000191,5824,12911,-99
6731130,5835,7443,-99
RU_0000202,5836,13991,-99
6731403,5847,8676,-99
RU_0000388,5848,36516,-99
6731400,5853,8668,-99
6731350,5867,8609,-99
RU_0000452,5896,15652,-99
6972350,5906,12768,-99
RU_0000431,5911,25879,-99
RU_0000302,5935,15118,-99
RU_0000341,5946,17494,-99
RU_0000432,5947,24772,-99
RU_0000446,5957,20524,-99
RU_0000188,5968,13592,-99
RU_0000242,5971,15520,-99
RU_0000414,5971,28435,-99
RU_0000333,5992,18775,-99
RU_0000334,5998,19117,-99
NO_0000035,6001,7994,-99
RU_0000385,6005,36305,-99
NO_0000039,6009,7662,-99
NO_0000040,6015,7629,-99
RU_0000299,6019,14647,-99
RU_0000300,6022,14251,-99
6229100,6028,8769,-99
6972400,6035,13175,-99
6731280,6037,7943,-99
RU_0000340,6048,18575,-99
SE_0000020,6049,9433,-99
NO_0000089,6059,8044,-99
RU_0000210,6076,13867,-99
6229120,6087,8722,-99
6972250,6088,12811,-99
6229130,6089,8809,-99
NO_0000082,6095,7528,-99
NO_0000042,6122,7626,-99
6604960,6125,5063,-99
RU_0000306,6125,16420,-99
6972050,6128,11945,-99
RU_0000201,6137,14296,-99
6731250,6143,7733,-99
6229530,6153,9348,-99
RU_0000305,6156,15789,-99
2909700,6176,32022,-99
6229140,6181,8864,-99
RU_0000193,6234,13915,-99
RU_0000304,6243,15140,-99
6604950,6248,4871,-99
RU_0000196,6263,13402,-99
2908305,6282,28636,-99
6604100,6297,4656,-99
RU_0000308,6308,16139,-99
RU_0000298,6323,14735,-99
RU_0000378,6328,31944,-99
6604860,6334,5124,-99
6604880,6347,4910,-99
6604650,6347,5246,-99
RU_0000336,6348,18735,-99
6604850,6350,5401,-99
6604890,6352,4832,-99
6604840,6353,5559,-99
6934300,6372,8431,-99
6604150,6375,4697,-99
RU_0000326,6403,19975,-99
6604655,6407,5112,-99
6233100,6422,8955,-99
6604830,6427,5475,-99
RU_0000342,6430,18241,-99
6233360,6444,9945,-99
6972300,6455,13015,-99
6604820,6461,5440,-99
6604815,6464,5261,-99
6604800,6467,5376,-99
6233350,6476,9878,-99
DK_0000001,6478,8406,-99
6973010,6486,11275,-99
6934460,6502,8405,-99
6934050,6505,8036,-99
GB_0000188,6522,4778,-99
RU_0000075,6523,22951,-99
RU_0000195,6532,13423,-99
6604620,6535,5401,-99
6604160,6536,4602,-99
6233150,6547,9149,-99
6604601,6552,5106,-99
6604600,6562,5118,-99
6604605,6572,5045,-99
RU_0000309,6590,16584,-99
6604610,6596,5187,-99
6233170,6601,9241,-99
6604180,6614,4834,-99
SE_0000024,6626,9359,-99
DK_0000007,6627,8160,-99
RU_0000438,6628,24059,-99
6604635,6632,5040,-99
6604630,6636,5148,-99
GB_0000186,6638,4867,-99
6604625,6640,5292,-99
6934250,6662,8321,-99
6604645,6665,5052,-99
RU_0000444,6666,20909,-99
RU_0000413,6667,28968,-99
6604640,6675,5026,-99
RU_0000343,6677,18220,-99
6934400,6687,8408,-99
6233250,6694,9391,-99
DK_0000003,6702,8452,-99
6604210,6720,4805,-99
6233180,6721,9071,-99
6934100,6731,8092,-99
RU_0000386,6731,35979,-99
6604665,6736,5035,-99
6604680,6736,5333,-99
6974100,6737,11154,-99
6934200,6743,8307,-99
6973300,6752,12363,-99
DK_0000019,6756,8908,-99
6973700,6757,13904,-99
RU_0000397,6757,32435,-99
6604200,6760,5010,-99
RU_0000312,6763,14903,-99
6604201,6768,5023,-99
6604760,6770,5474,-99
RU_0000194,6775,13331,-99
RU_0000291,6783,14123,-99
6604750,6786,5481,-99
6233165,6790,9364,-99
6233190,6791,9154,-99
6976100,6791,18544,-99
6233160,6805,9315,-99
6233140,6806,9250,-99
6604230,6816,4889,-99
6604690,6817,5329,-99
DK_0000012,6818,8316,-99
6975110,6818,16096,-99
6604700,6820,5363,-99
6974020,6823,11179,-99
6975200,6828,17061,-99
6604900,6829,5407,-99
6233367,6834,9184,-99
6604205,6836,5112,-99
SE_0000030,6837,9341,-99
6604910,6843,5388,-99
RU_0000437,6850,24795,-99
6604920,6855,5338,-99
DK_0000013,6866,8506,-99
DK_0000023,6876,8725,-99
DK_0000020,6877,8944,-99
6605330,6879,5607,-99
6934350,6882,8130,-99
6934571,6889,8804,-99
6604240,6897,4846,-99
DK_0000022,6898,8764,-99
GB_0000031,6901,5384,-99
6974360,6901,11940,-99
RU_0000352,6908,18316,-99
6974300,6918,11718,-99
6603340,6919,4434,-99
GB_0000175,6919,5171,-99
6605320,6932,5611,-99
6605350,6941,5300,-99
6974350,6942,11829,-99
6974150,6943,11417,-99
6975150,6947,14783,-99
6604500,6954,5215,-99
6603300,6964,4428,-99
RU_0000353,6970,18064,-99
6605300,6971,5534,-99
6605310,6973,5397,-99
IE_0000025,6976,4125,-99
6604270,6976,5078,-99
6604250,6983,4838,-99
6605360,6983,5290,-99
6603110,6986,4220,-99
RU_0000311,7000,14706,-99
RU_0000183,7001,11307,-99
6603120,7004,4210,-99
6974201,7013,11486,-99
6605700,7022,5616,-99
GB_0000170,7023,5183,-99
6605730,7024,5617,-99
6603350,7027,4505,-99
6605710,7035,5563,-99
6974011,7036,12076,-99
6976450,7037,19436,-99
6605380,7040,5162,-99
6974010,7040,12157,-99
RU_0000181,7044,11272,-99
6605385,7046,5196,-99
6603100,7055,4251,-99
6605580,7055,5626,-99
RU_0000406,7060,30148,-99
GB_0000214,7066,4620,-99
6603500,7067,4572,-99
6338800,7076,8236,-99
GB_0000036,7078,5532,-99
6605510,7079,5684,-99
RU_0000182,7090,10780,-99
6603320,7101,4382,-99
PL_0000008,7109,10224,-99
6603130,7125,4155,-99
GB_0000048,7130,5458,-99
6605480,7131,5339,-99
6605390,7135,5286,-99
RU_0000317,7135,15619,-99
GB_0000047,7137,5779,-99
6975700,7141,17588,-99
RU_0000354,7154,18113,-99
6605565,7162,5677,-99
6979700,7164,13695,-99
6503151,7176,3802,-99
6503201,7176,4211,-99
6605560,7176,5649,-99
6605410,7177,5937,-99
6605450,7180,5347,-99
PL_0000030,7184,9663,-99
IE_0000023,7185,4112,-99
RU_0000320,7192,16612,-99
6605420,7195,5787,-99
GB_0000164,7201,5329,-99
6605570,7201,5726,-99
GB_0000038,7205,5920,-99
6605575,7206,5676,-99
6502171,7207,3991,-99
RU_0000377,7208,31408,-99
6605540,7214,5552,-99
6605550,7219,5673,-99
6605440,7222,5524,-99
6503370,7223,4440,-99
GB_0000199,7234,5341,-99
RU_0000411,7248,28287,-99
6341500,7249,9193,-99
6605100,7254,5370,-99
BY_0000021,7264,13155,-99
6503851,7269,4427,-99
2910500,7273,27143,-99
6503855,7282,4394,-99
RU_0000398,7296,32304,-99
DE_0000732,7301,8416,-99
6502160,7304,4137,-99
6457990,7304,9555,-99
BY_0000023,7325,12872,-99
6502151,7334,4019,-99
6605210,7334,5437,-99
BY_0000020,7338,12652,-99
6605610,7344,5769,-99
6458863,7345,11229,-99
GB_0000058,7350,6002,-99
6605720,7352,5676,-99
6502150,7354,4022,-99
6605220,7360,5465,-99
6606580,7368,5968,-99
RU_0000357,7369,18835,-99
DE_0000053,7373,8348,-99
6503100,7375,3827,-99
6502141,7375,4121,-99
6608530,7383,5143,-99
6340110,7383,8613,-99
BY_0000025,7391,12821,-99
6606570,7394,6024,-99
2902700,7397,44013,-99
6605230,7399,5401,-99
6503354,7401,4273,-99
6340050,7403,8511,-99
6503353,7406,4303,-99
NL_0000015,7407,7568,-99
6503810,7413,4094,-99
6605235,7417,5403,-99
6608110,7419,5282,-99
GB_0000055,7426,5572,-99
RU_0000356,7433,18450,-99
GB_0000152,7437,5015,-99
6340150,7442,8820,-99
RU_0000435,7442,25195,-99
6975100,7445,14660,-99
6503352,7446,4326,-99
6608100,7447,5286,-99
6337200,7448,8189,-99
RU_0000362,7448,20102,-99
6605600,7451,5742,-99
6458805,7451,11508,-99
6608150,7455,4948,-99
6605620,7456,5647,-99
RU_0000399,7458,32012,-99
DE_0000055,7463,8511,-99
6457985,7464,9832,-99
BY_0000022,7464,13168,-99
DE_0000250,7466,8259,-99
RU_0000253,7470,15722,-99
DE_0000436,7471,7907,-99
6608101,7472,5118,-99
6357010,7473,9393,-99
6605630,7475,5604,-99
6337515,7475,8210,-99
6457200,7475,9796,-99
6457370,7482,10041,-99
6606880,7483,6300,-99
6457360,7484,10127,-99
GB_0000195,7488,6118,-99
6338100,7502,7735,-99
6609540,7505,5374,-99
2919600,7508,19596,-99
6605640,7511,5738,-99
6503351,7512,4324,-99
6337510,7515,8303,-99
6609570,7517,5330,-99
6503301,7522,4259,-99
6605660,7529,5612,-99
6606550,7531,5861,-99
RU_0000410,7531,27613,-99
6608170,7536,5075,-99
6338110,7536,7739,-99
6337517,7537,8188,-99
GB_0000069,7541,6128,-99
6502120,7543,3891,-99
6605650,7543,5711,-99
BY_0000032,7545,12875,-99
6609520,7546,5429,-99
6340160,7547,8876,-99
6503291,7548,4427,-99
BY_0000028,7550,12001,-99
6502130,7555,3853,-99
6502121,7555,3907,-99
6340611,7556,9218,-99
6503290,7557,4425,-99
6503300,7559,4299,-99
6458924,7560,11209,-99
6340510,7565,9081,-99
GB_0000135,7567,5114,-99
RU_0000040,7567,39693,-99
6502131,7568,3835,-99
6605670,7569,5545,-99
6503282,7571,4083,-99
6503250,7573,3722,-99
GB_0000138,7574,5106,-99
RU_0000321,7580,15943,-99
6606510,7581,5867,-99
6337509,7586,8322,-99
GB_0000136,7587,5438,-99
6609500,7588,5443,-99
6608190,7589,5023,-99
6503281,7590,4097,-99
DE_0000416,7593,8054,-99
6503280,7595,4151,-99
6609560,7597,5636,-99
6606300,7599,5836,-99
BY_0000024,7600,12599,-99
PL_0000006,7601,10064,-99
BY_0000029,7601,12443,-99
6609100,7604,5378,-99
6608500,7608,5158,-99
6338130,7610,7784,-99
6608520,7613,5296,-99
6606710,7618,5926,-99
6337518,7619,8141,-99
6457260,7623,10257,-99
6457830,7626,10383,-99
DE_0000008,7627,8960,-99
BY_0000031,7627,12540,-99
RU_0000359,7627,17680,-99
6337100,7636,8127,-99
2910450,7636,26411,-99
6606401,7642,5923,-99
6357500,7643,9525,-99
6503501,7644,3955,-99
6503500,7644,4064,-99
6606720,7645,5924,-99
6457870,7645,10239,-99
6606700,7648,6034,-99
6340180,7648,8795,-99
6606400,7649,5889,-99
PL_0000045,7649,9969,-99
RU_0000355,7653,18877,-99
PL_0000043,7654,9989,-99
6338120,7656,7824,-99
6609400,7657,5534,-99
2909250,7658,28238,-99
6608510,7660,5385,-99
RU_0000255,7660,15779,-99
BY_0000027,7662,12132,-99
6608200,7668,4905,-99
2911206,7676,21906,-99
6340140,7681,8852,-99
6337514,7685,8283,-99
6357501,7687,9529,-99
6608310,7688,5171,-99
NL_0000023,7693,7629,-99
DE_0000384,7693,8307,-99
RU_0000371,7697,18456,-99
6457956,7700,10304,-99
6609110,7702,5442,-99
6606950,7703,6204,-99
6608220,7708,4999,-99
6340300,7709,8825,-99
DE_0000377,7711,8402,-99
6608210,7712,4991,-99
6337500,7712,8386,-99
6607340,7713,5686,-99
6340170,7713,8893,-99
RU_0000259,7713,16802,-99
6340130,7714,9034,-99
BY_0000033,7714,12827,-99
DE_0000248,7715,8531,-99
6435060,7716,7464,-99
RU_0000258,7720,15955,-99
IE_0000001,7721,3976,-99
6421501,7723,7329,-99
6608501,7729,5355,-99
6457250,7729,10497,-99
6607600,7734,5673,-99
6606800,7739,6142,-99
DE_0000424,7739,7900,-99
6608300,7741,5292,-99
6606790,7742,6114,-99
DE_0000441,7742,7624,-99
2909160,7748,28655,-99
6607320,7750,5919,-99
6607835,7759,5990,-99
6608600,7763,5200,-99
6337516,7764,8265,-99
6607702,7765,5699,-99
RU_0000252,7765,15347,-99
6607701,7766,5716,-99
RU_0000365,7767,19580,-99
6337519,7769,8284,-99
6457707,7771,9676,-99
DE_0000080,7773,9253,-99
6457840,7773,10497,-99
NL_0000009,7775,7281,-99
DE_0000060,7775,8588,-99
GB_0000091,7778,5941,-99
NL_0000008,7778,7268,-99
6340600,7778,9018,-99
RU_0000369,7779,18994,-99
6607840,7780,6009,-99
DE_0000061,7781,8628,-99
6340800,7781,9448,-99
6607310,7782,5831,-99
DE_0000381,7784,8474,-99
6340190,7785,9122,-99
6608240,7792,5250,-99
6340700,7794,9215,-99
6340301,7795,8867,-99
6608230,7800,5147,-99
6457240,7807,10555,-99
2907100,7807,31053,-99
6607345,7815,5744,-99
GB_0000082,7816,5938,-99
6337400,7816,8313,-99
6607765,7817,5409,-99
6607650,7820,5926,-99
6607347,7821,5682,-99
6337513,7822,8330,-99
6457230,7826,10496,-99
6607330,7829,5771,-99
6421102,7829,7480,-99
DE_0000811,7830,8342,-99
6457955,7845,10358,-99
GB_0000108,7847,5565,-99
DE_0000463,7848,7634,-99
6337511,7855,8394,-99
6607950,7857,6247,-99
DE_0000077,7857,9343,-99
6607851,7859,6106,-99
UA_0000022,7862,11818,-99
6337507,7865,8272,-99
6340200,7865,8804,-99
6607300,7867,5863,-99
6607825,7871,5953,-99
6607850,7871,6124,-99
6337506,7873,8279,-99
6607710,7878,5570,-99
6337505,7880,8180,-99
6357502,7880,9599,-99
DE_0000455,7881,8010,-99
6337504,7882,8136,-99
DE_0000462,7883,7665,-99
GB_0000124,7886,5252,-99
6337512,7890,8447,-99
GB_0000097,7893,6041,-99
6457850,7893,10526,-99
6458753,7898,10770,-99
6607705,7901,5551,-99
6340120,7905,9296,-99
DE_0000396,7910,8013,-99
GB_0000100,7911,5783,-99
6337508,7919,8332,-99
UA_0000023,7919,11836,-99
6607150,7921,5043,-99
6607550,7921,5678,-99
6458713,7923,11562,-99
PL_0000001,7924,9691,-99
6607520,7926,5639,-99
DE_0000459,7929,7919,-99
6607560,7931,6018,-99
6607140,7932,5006,-99
6335060,7934,7672,-99
DE_0000083,7934,9304,-99
GB_0000103,7938,5721,-99
DE_0000625,7939,8516,-99
BE_0000050,7941,6658,-99
6607570,7946,6087,-99
BE_0000042,7947,6988,-99
BE_0000041,7950,6974,-99
6421500,7951,7366,-99
6607530,7953,5719,-99
DE_0000626,7955,8548,-99
UA_0000027,7956,14181,-99
6607210,7957,5186,-99
BE_0000045,7961,6866,-99
6421101,7961,7368,-99
6607200,7967,5156,-99
DE_0000047,7969,8546,-99
DE_0000624,7970,8498,-99
6140400,7970,9415,-99
6607500,7976,5559,-99
DE_0000471,7987,8075,-99
6607225,7994,5209,-99
6607250,7994,5489,-99
DE_0000103,7995,8587,-99
FR_0000831,7996,6424,-99
6457860,8000,10611,-99
BE_0000043,8001,6918,-99
6140401,8002,9370,-99
6607010,8003,5700,-99
6607131,8004,4975,-99
6140500,8006,9667,-99
CZ_0000006,8006,9724,-99
BE_0000038,8008,7094,-99
DE_0000623,8008,8437,-99
RU_0000254,8009,15288,-99
DE_0000072,8011,9206,-99
DE_0000406,8013,8566,-99
DE_0000472,8017,8085,-99
GB_0000114,8020,5064,-99
DE_0000070,8020,9119,-99
RU_0000039,8024,38911,-99
6335350,8028,8004,-99
DE_0000106,8028,8654,-99
6607130,8032,4986,-99
CZ_0000001,8032,9885,-99
FR_0000833,8034,6521,-99
DE_0000404,8036,8589,-99
FR_0000832,8037,6658,-99
BE_0000021,8038,7116,-99
DE_0000475,8040,8022,-99
6607100,8044,5096,-99
6607115,8045,4849,-99
RU_0000370,8045,17428,-99
DE_0000473,8049,8063,-99
6980801,8049,13327,-99
6335070,8053,7774,-99
DE_0000108,8055,8800,-99
6607120,8056,4877,-99
DE_0000477,8056,7895,-99
DE_0000524,8061,8193,-99
DE_0000620,8062,8689,-99
RU_0000256,8063,15510,-99
BE_0000017,8065,7329,-99
DE_0000542,8074,8763,-99
UA_0000011,8077,14686,-99
FR_0000852,8080,6847,-99
RU_0000400,8084,32067,-99
DE_0000530,8085,8349,-99
DE_0000546,8086,8655,-99
DE_0000543,8090,8728,-99
6607110,8095,4819,-99
DE_0000036,8100,8883,-99
6140480,8100,9545,-99
PL_0000003,8100,10005,-99
DE_0000521,8109,8225,-99
DE_0000529,8110,8393,-99
DE_0000538,8115,8766,-99
DE_0000349,8116,7547,-99
6336050,8124,7720,-99
DE_0000344,8126,7653,-99
6335304,8134,8081,-99
6335100,8139,7863,-99
DE_0000537,8143,8772,-99
DE_0000536,8145,8807,-99
DE_0000527,8149,8442,-99
DE_0000535,8150,8802,-99
BE_0000009,8152,7180,-99
6335301,8152,8453,-99
6335302,8157,8304,-99
6335150,8158,7986,-99
2911800,8159,25877,-99
DE_0000363,8163,7805,-99
DE_0000541,8167,8805,-99
BE_0000007,8169,7229,-99
6140250,8169,9381,-99
6335800,8172,8608,-99
6335303,8176,8581,-99
6122140,8178,6976,-99
6157100,8178,10399,-99
6335115,8181,7898,-99
6122145,8185,6963,-99
RU_0000260,8190,16358,-99
DE_0000551,8201,8731,-99
DE_0000552,8203,8686,-99
DE_0000562,8204,8070,-99
6335500,8208,8381,-99
6978251,8211,15873,-99
DE_0000357,8212,7926,-99
6142100,8218,10074,-99
6140450,8222,9623,-99
6336500,8223,7588,-99
BE_0000013,8224,7327,-99
6335240,8227,8214,-99
DE_0000364,8240,7741,-99
6335180,8247,8011,-99
PL_0000011,8247,10532,-99
PL_0000015,8247,10758,-99
DE_0000146,8248,8834,-99
6458406,8248,10965,-99
6121240,8249,7236,-99
FR_0001089,8262,5560,-99
6122141,8265,6717,-99
FR_0000909,8266,6710,-99
FR_0000999,8272,6172,-99
6142300,8272,10259,-99
6336800,8286,7528,-99
DE_0000367,8286,7962,-99
6335600,8296,8160,-99
6336900,8301,7594,-99
FR_0001166,8319,7474,-99
6335170,8321,8028,-99
6122110,8326,7147,-99
6140300,8326,9393,-99
6142551,8328,10508,-99
6158100,8330,10975,-99
DE_0000132,8332,9100,-99
6335290,8337,8227,-99
FR_0001165,8338,7422,-99
FR_0000974,8341,7058,-99
FR_0001053,8342,5985,-99
6335300,8344,8242,-99
PL_0000021,8349,11359,-99
DE_0000135,8360,9143,-99
FR_0001001,8363,6405,-99
SK_0000022,8365,10777,-99
FR_0000976,8366,7193,-99
6122155,8367,6578,-99
FR_0001122,8367,7794,-99
6136100,8376,7484,-99
DE_0000502,8379,8206,-99
6142680,8379,10704,-99
DE_0000510,8380,8428,-99
6335601,8382,8199,-99
6142640,8384,10538,-99
DE_0000507,8387,8335,-99
DE_0000131,8387,8942,-99
RU_0000261,8387,16565,-99
6335200,8390,7993,-99
6144400,8390,11161,-99
6342600,8394,8913,-99
DE_0000137,8396,9207,-99
FR_0001082,8399,5923,-99
6136520,8403,7682,-99
FR_0000955,8404,6641,-99
DE_0000492,8406,8228,-99
6342910,8412,8883,-99
FR_0001062,8414,6115,-99
6142120,8414,10154,-99
DE_0000768,8415,9219,-99
DE_0000503,8418,8403,-99
6135110,8422,7931,-99
DE_0000607,8425,8420,-99
6342520,8427,8686,-99
6342920,8428,9058,-99
FR_0001059,8433,6144,-99
FR_0000947,8433,6642,-99
SK_0000007,8434,10712,-99
FR_0001061,8435,6115,-99
DE_0000117,8435,9249,-99
FR_0001076,8438,5711,-99
FR_0001024,8438,6458,-99
DE_0000129,8438,9204,-99
SK_0000008,8438,10682,-99
UA_0000030,8438,11558,-99
UA_0000032,8438,11627,-99
FR_0000964,8440,6748,-99
SK_0000009,8440,10584,-99
SK_0000006,8441,10821,-99
FR_0001073,8442,5780,-99
6135120,8442,7857,-99
6342960,8442,9205,-99
DE_0000513,8445,8366,-99
6142110,8448,10046,-99
FR_0001043,8449,6458,-99
FR_0001077,8451,5632,-99
DE_0000326,8454,7973,-99
KZ_0000007,8454,23480,-99
DE_0000493,8455,8060,-99
6342500,8458,8741,-99
SK_0000020,8459,10503,-99
6118165,8460,6139,-99
FR_0001155,8460,7487,-99
6122120,8461,7110,-99
6144350,8463,11120,-99
FR_0000945,8464,6626,-99
6142650,8465,10592,-99
DE_0000584,8467,8049,-99
6335602,8470,8260,-99
DE_0000258,8473,7954,-99
FR_0001152,8474,7612,-99
6342925,8477,9047,-99
6342800,8477,9147,-99
6122130,8479,6561,-99
FR_0000550,8483,5141,-99
FR_0001115,8483,7682,-99
FR_0001116,8486,7694,-99
FR_0000547,8489,5035,-99
6118150,8492,5021,-99
FR_0000555,8493,5095,-99
6144300,8493,11123,-99
6142150,8494,10065,-99
DE_0000669,8499,7950,-99
6342900,8500,9240,-99
FR_0000950,8502,6627,-99
FR_0000548,8503,5079,-99
6118175,8504,5089,-99
DE_0000615,8505,8270,-99
6343900,8505,9226,-99
FR_0000544,8508,4955,-99
6136150,8509,7472,-99
FR_0000543,8512,4953,-99
FR_0000694,8513,5594,-99
DE_0000178,8513,9055,-99
6142520,8513,10361,-99
FR_0000557,8514,4943,-99
DE_0000180,8518,8903,-99
FR_0001026,8526,6345,-99
FR_0000893,8526,7269,-99
FR_0000542,8530,4876,-99
FR_0001214,8532,7802,-99
6242420,8533,9736,-99
FR_0000695,8535,5652,-99
6342510,8541,8613,-99
6142660,8541,10475,-99
FR_0001215,8543,7717,-99
6242400,8543,9740,-99
FR_0000540,8546,4988,-99
6335125,8546,7926,-99
FR_0001103,8547,7780,-99
FR_0000696,8548,5712,-99
6242401,8548,9710,-99
FR_0001171,8550,7486,-99
6122240,8558,6668,-99
6242501,8558,9916,-99
6242100,8564,9430,-99
FR_0000657,8565,6196,-99
6942100,8565,12222,-99
6144100,8566,10876,-99
6136151,8567,7473,-99
6142601,8567,10737,-99
FR_0001150,8568,7604,-99
6136160,8571,7669,-99
6118185,8573,5508,-99
6243800,8574,9228,-99
AT_0000093,8574,9297,-99
6135210,8575,7750,-99
FR_0000641,8577,6332,-99
DE_0000606,8579,8128,-99
6242500,8579,9931,-99
DE_0000204,8580,8889,-99
6742600,8580,12434,-99
FR_0001220,8584,7718,-99
UA_0000002,8585,11931,-99
AT_0000019,8587,9236,-99
AT_0000110,8587,9296,-99
FR_0001206,8591,7751,-99
AT_0000111,8594,9336,-99
FR_0001145,8595,7680,-99
6123200,8599,5813,-99
6136200,8600,7548,-99
6942200,8600,12171,-99
6123210,8601,6048,-99
6343500,8601,9080,-99
6983300,8602,15155,-99
DE_0000271,8606,7958,-99
6142200,8606,10106,-99
AT_0000010,8608,9220,-99
6118210,8609,5533,-99
FR_0000259,8609,7445,-99
AT_0000074,8614,9676,-99
6444380,8614,11000,-99
6118100,8615,5043,-99
AT_0000099,8617,9322,-99
FR_0000257,8620,7513,-99
6342970,8622,8255,-99
6136201,8624,7586,-99
6343100,8624,8933,-99
6944200,8626,11809,-99
FR_0000642,8627,6202,-99
FR_0000636,8627,6297,-99
FR_0001136,8627,7605,-99
FR_0001105,8627,7706,-99
FR_0000692,8628,5512,-99
6242110,8628,9340,-99
HU_0000004,8628,10540,-99
6242250,8629,9462,-99
FR_0000537,8630,4927,-99
6142500,8630,10370,-99
6142600,8630,10515,-99
6123190,8631,5830,-99
FR_0001199,8632,7763,-99
FR_0001236,8634,7701,-99
6118220,8635,5587,-99
6123220,8636,6196,-99
AT_0000009,8638,9144,-99
6118015,8641,5431,-99
AT_0000008,8641,9090,-99
6118090,8642,5036,-99
RU_0000267,8642,16418,-99
6118030,8643,5484,-99
AT_0000113,8644,9297,-99
AT_0000072,8646,9645,-99
FR_0001221,8647,7775,-99
DE_0000268,8648,7920,-99
AT_0000076,8651,9691,-99
FR_0001231,8653,7706,-99
DE_0000199,8653,8251,-99
AT_0000071,8653,9626,-99
6123550,8655,6805,-99
DE_0000266,8655,7908,-99
6980800,8655,14427,-99
RU_0000266,8657,15667,-99
6342980,8658,8082,-99
DE_0000184,8659,8666,-99
FR_0000536,8661,4981,-99
6136202,8661,7604,-99
FR_0001233,8661,7730,-99
FR_0000531,8662,5099,-99
6118050,8663,5232,-99
FR_0000936,8663,7116,-99
6118060,8664,5286,-99
FR_0000296,8664,6455,-99
6343110,8666,8839,-99
FR_0000533,8667,5069,-99
AT_0000115,8668,9390,-99
AT_0000070,8670,9678,-99
FR_0001133,8671,7631,-99
6744600,8672,11806,-99
DE_0000272,8675,7869,-99
AT_0000117,8675,9514,-99
6444600,8678,11447,-99
DE_0000280,8680,7936,-99
6343537,8680,9035,-99
6118010,8681,5351,-99
6139935,8681,7560,-99
DE_0000226,8681,8556,-99
AT_0000068,8683,9671,-99
FR_0001187,8684,7654,-99
FR_0001185,8686,7658,-99
6242600,8686,9305,-99
6242270,8686,9393,-99
FR_0000188,8687,7600,-99
FR_0001184,8687,7654,-99
FR_0000673,8691,5762,-99
6744500,8691,11490,-99
6343570,8692,8994,-99
AT_0000006,8692,9123,-99
FR_0000688,8693,5524,-99
FR_0001189,8693,7693,-99
6342927,8693,8770,-99
6442500,8693,10549,-99
FR_0001188,8694,7680,-99
AT_0000084,8694,9774,-99
DE_0000172,8695,8411,-99
DE_0000201,8695,8956,-99
DE_0000189,8696,8777,-99
6139930,8699,7456,-99
FR_0000576,8700,6396,-99
6343520,8700,8923,-99
6242240,8701,9673,-99
6122220,8702,7104,-99
FR_0000028,8702,7639,-99
FR_0000030,8702,7667,-99
6342945,8702,8778,-99
6442450,8703,10398,-99
6123560,8704,6791,-99
FR_0001349,8704,7615,-99
6342200,8705,8477,-99
DE_0000210,8705,8613,-99
6243240,8705,9131,-99
6242281,8705,9431,-99
6118020,8709,5593,-99
6343111,8709,8864,-99
6343510,8709,8921,-99
FR_0000027,8710,7636,-99
6139720,8711,7648,-99
DE_0000231,8711,9072,-99
FR_0000667,8712,5741,-99
6342512,8712,8591,-99
6342930,8713,8720,-99
6343120,8714,8827,-99
6343560,8715,9075,-99
FR_0000309,8716,6631,-99
6335460,8717,8289,-99
AT_0000105,8718,9641,-99
6242280,8719,9440,-99
6246701,8722,9742,-99
6935055,8724,8064,-99
6342540,8724,8598,-99
6343550,8726,9123,-99
FR_0000937,8727,7099,-99
6335451,8727,8309,-99
6139800,8729,7736,-99
DE_0000278,8729,7920,-99
6335410,8729,7999,-99
FR_0000004,8731,7671,-99
6343555,8732,9109,-99
DE_0000208,8734,8503,-99
6123230,8735,6115,-99
6935400,8735,8081,-99
FR_0000291,8738,6322,-99
FR_0000705,8738,6658,-99
6342530,8738,8499,-99
DE_0000191,8738,8769,-99
AT_0000005,8738,9158,-99
FR_0000269,8740,7246,-99
6935054,8740,7994,-99
AT_0000087,8740,9864,-99
FR_0000662,8741,5752,-99
FR_0000577,8741,6328,-99
FR_0000625,8743,6215,-99
6935050,8744,7820,-99
6123171,8745,5748,-99
6935051,8745,7821,-99
6335400,8745,7871,-99
6935053,8746,7868,-99
DE_0000211,8746,8525,-99
FR_0000632,8747,6295,-99
CH_0000031,8748,8245,-99
6242290,8748,9433,-99
FR_0000623,8750,5990,-99
FR_0000575,8752,6343,-99
6935401,8752,8200,-99
AT_0000132,8753,8369,-99
6246700,8753,9713,-99
6243210,8754,8975,-99
6243201,8754,8980,-99
6935560,8755,8076,-99
6980500,8755,13764,-99
6935300,8756,7976,-99
6342210,8758,8479,-99
6342931,8758,8662,-99
FR_0000281,8759,7620,-99
CH_0000045,8760,8148,-99
CH_0000030,8760,8264,-99
FR_0000573,8762,6585,-99
6935070,8762,7855,-99
6243300,8762,8905,-99
6935411,8763,8238,-99
CH_0000029,8763,8274,-99
6342932,8763,8655,-99
6342935,8765,8667,-99
6246710,8766,9661,-99
HU_0000001,8767,10298,-99
6123170,8768,5644,-99
6935301,8768,7959,-99
6243200,8770,8973,-99
6342928,8771,8705,-99
FR_0000631,8772,6237,-99
FR_0000805,8776,6818,-99
6342950,8777,8700,-99
FR_0000626,8778,6002,-99
FR_0000672,8779,5688,-99
6139681,8779,7483,-99
6935310,8779,7984,-99
DE_0000170,8779,8466,-99
6246612,8781,9667,-99
6935402,8782,8177,-99
6935410,8782,8237,-99
FR_0000295,8784,6163,-99
6935440,8784,8222,-99
AT_0000127,8784,8342,-99
DE_0000168,8786,8471,-99
6246100,8786,9578,-99
6123100,8787,5800,-99
AT_0000131,8787,8410,-99
6935500,8788,8313,-99
6242251,8788,9221,-99
6246632,8790,9235,-99
AT_0000023,8791,8529,-99
FR_0000797,8793,6971,-99
6935403,8793,8179,-99
6935430,8793,8190,-99
FR_0000619,8794,6719,-99
6235100,8794,8371,-99
AT_0000103,8794,9290,-99
6935420,8798,8230,-99
AT_0000015,8799,9124,-99
6139910,8800,7196,-99
6235101,8800,8392,-99
FR_0000629,8801,6046,-99
AT_0000016,8801,9192,-99
2904850,8801,40216,-99
6123140,8805,5747,-99
6139682,8809,7331,-99
6123350,8811,6368,-99
6235102,8811,8411,-99
6243030,8813,8735,-99
AT_0000024,8815,8581,-99
6246610,8815,9677,-99
FR_0000663,8818,5697,-99
6935302,8818,7868,-99
AT_0000133,8818,8335,-99
6243270,8819,8996,-99
AT_0000063,8819,9722,-99
6123270,8820,6196,-99
6243260,8824,8939,-99
6235210,8825,8370,-99
FR_0000306,8827,6014,-99
FR_0000392,8829,5979,-99
6242020,8829,8434,-99
6123181,8833,5910,-99
6935360,8834,7868,-99
CH_0000041,8834,8216,-99
FR_0000562,8836,6290,-99
6246635,8837,9289,-99
6243400,8840,8619,-99
6246611,8840,9676,-99
6246631,8847,9283,-99
6246630,8847,9312,-99
AT_0000135,8848,8421,-99
6935361,8850,7878,-99
FR_0000384,8851,5632,-99
6246195,8851,8998,-99
AT_0000029,8852,8751,-99
6935102,8854,8103,-99
FR_0000391,8856,5978,-99
FR_0000182,8857,7121,-99
CH_0000046,8857,8116,-99
6243360,8857,8751,-99
6242200,8860,9826,-99
6935100,8861,8115,-99
6935313,8863,7988,-99
6243355,8864,8759,-99
6123400,8868,6130,-99
6246150,8868,9072,-99
6123360,8871,6586,-99
6243350,8871,8754,-99
AT_0000044,8873,9031,-99
6246185,8873,9032,-99
6246165,8874,8960,-99
6123250,8876,6270,-99
6246161,8876,8960,-99
6123720,8879,7006,-99
6935590,8879,8064,-99
FR_0000388,8881,5913,-99
6935545,8882,8315,-99
AT_0000048,8884,9161,-99
FR_0000773,8885,6194,-99
6935540,8886,8306,-99
6246160,8886,9011,-99
CH_0000071,8887,7725,-99
6935320,8887,7858,-99
FR_0000375,8888,5808,-99
6442050,8890,9906,-99
FR_0000378,8893,5858,-99
6243450,8894,8516,-99
6246121,8894,9491,-99
6935020,8895,7787,-99
6139770,8898,7283,-99
FR_0000608,8899,6849,-99
6123700,8899,6905,-99
6246170,8899,9002,-99
FR_0000379,8901,5843,-99
6935335,8901,8053,-99
FR_0000370,8906,5591,-99
FR_0000045,8906,7392,-99
6935350,8906,7764,-99
6943100,8906,8512,-99
FR_0000385,8907,5966,-99
6349210,8907,8738,-99
FR_0000390,8912,5998,-99
6243110,8912,8620,-99
6243410,8912,8644,-99
6935541,8913,8384,-99
6935145,8918,8270,-99
6935390,8919,7665,-99
FR_0000014,8921,7337,-99
HU_0000012,8924,10216,-99
CH_0000048,8925,8063,-99
6939120,8933,7614,-99
6935550,8933,8370,-99
6246120,8937,9488,-99
AT_0000056,8937,9650,-99
6119300,8940,5771,-99
6943180,8944,8473,-99
6742701,8944,12466,-99
6246600,8949,9752,-99
6943110,8953,8427,-99
6139502,8955,7383,-99
6546610,8956,9839,-99
6119320,8959,5767,-99
6939540,8960,7888,-99
6246110,8960,9586,-99
6935330,8962,7785,-99
6943115,8962,8445,-99
6139520,8964,7386,-99
6744100,8968,11163,-99
6939110,8969,7566,-99
6939541,8969,7897,-99
6246130,8969,9180,-99
AT_0000037,8970,9209,-99
FR_0000234,8971,7430,-99
IT_0000216,8977,8906,-99
FR_0000380,8978,5938,-99
FR_0000361,8982,5711,-99
6943170,8983,8384,-99
6939501,8985,8006,-99
6935380,8988,7862,-99
6123710,8991,6968,-99
6349400,8991,9004,-99
6935510,8992,8208,-99
FR_0000100,8995,7466,-99
6943160,9002,8375,-99
AT_0000050,9002,9427,-99
6935387,9003,7812,-99
6123730,9006,6978,-99
6939100,9011,7669,-99
6349410,9016,8933,-99
6935331,9017,7793,-99
6139530,9019,7408,-99
CH_0000099,9019,7876,-99
6546810,9021,9848,-99
6139940,9023,7115,-99
6139501,9024,7359,-99
CH_0000001,9024,8416,-99
6123460,9027,6405,-99
6939510,9027,7921,-99
6123450,9029,6403,-99
6546802,9029,9840,-99
CH_0000009,9030,8050,-99
6546801,9030,9839,-99
6123461,9033,6477,-99
6939200,9036,7653,-99
FR_0000059,9038,7539,-99
6545190,9038,9399,-99
FR_0000058,9040,7531,-99
6939205,9043,7673,-99
CH_0000017,9043,7917,-99
6549110,9045,9234,-99
6948110,9048,8419,-99
FR_0000178,9050,7089,-99
FR_0000011,9050,7269,-99
6139832,9052,7421,-99
6444100,9058,10838,-99
6123370,9060,6610,-99
6549101,9060,9260,-99
CH_0000019,9065,7923,-99
6545601,9065,9662,-99
6139831,9067,7407,-99
6948100,9071,8164,-99
6935520,9071,8200,-99
6444110,9072,10912,-99
FR_0000781,9074,6019,-99
FR_0000023,9074,7234,-99
SI_0000025,9074,9296,-99
6123380,9075,6586,-99
6139640,9080,7269,-99
6545110,9080,9438,-99
6948120,9081,8109,-99
6744200,9081,11117,-99
6549130,9082,9306,-99
6545600,9082,9656,-99
6123810,9083,6273,-99
FR_0000175,9083,7101,-99
6139837,9083,7391,-99
6139960,9083,7504,-99
6939050,9084,7432,-99
FR_0000348,9086,6058,-99
FR_0000748,9086,6931,-99
FR_0000115,9086,7456,-99
FR_0000060,9086,7554,-99
6123800,9087,6244,-99
6939500,9089,7702,-99
6549150,9089,9311,-99
FR_0000025,9091,7246,-99
6123820,9092,6343,-99
FR_0000063,9093,7293,-99
6139840,9093,7573,-99
6123825,9096,6358,-99
SI_0000027,9097,9319,-99
FR_0000351,9098,5905,-99
6545300,9098,9643,-99
6545102,9099,9499,-99
6349300,9101,8667,-99
FR_0000118,9103,7548,-99
FR_0000037,9105,7120,-99
6744201,9109,11658,-99
6948150,9115,8150,-99
FR_0000039,9118,7205,-99
6442600,9118,10484,-99
FR_0000768,9119,6410,-99
HU_0000042,9121,10480,-99
6545120,9123,9651,-99
6123440,9130,6378,-99
FR_0000120,9130,7279,-99
FR_0000346,9134,6058,-99
FR_0000117,9134,7541,-99
6544100,9134,10822,-99
6123470,9136,6522,-99
FR_0000744,9138,6798,-99
6123420,9140,6219,-99
6139850,9143,7420,-99
FR_0000344,9147,6025,-99
6139360,9147,7108,-99
6139810,9149,7365,-99
FR_0000354,9150,6012,-99
6123790,9151,6641,-99
6139391,9153,7295,-99
FR_0000358,9154,6063,-99
6139361,9154,7124,-99
6542100,9154,10525,-99
CH_0000014,9155,8162,-99
6349350,9155,8727,-99
FR_0000108,9158,7478,-99
6348310,9160,7981,-99
FR_0000050,9162,7353,-99
FR_0000107,9162,7447,-99
FR_0000355,9165,6072,-99
6139365,9165,7103,-99
FR_0000109,9170,7495,-99
FR_0000110,9175,7487,-99
6123430,9178,6298,-99
FR_0000706,9181,6856,-99
FR_0000130,9183,7132,-99
FR_0000345,9185,6165,-99
6139825,9186,7464,-99
6139310,9188,7237,-99
FR_0000399,9191,6480,-99
FR_0000743,9191,6863,-99
FR_0000585,9192,6927,-99
FR_0000340,9193,5929,-99
FR_0000343,9194,6035,-99
FR_0000129,9194,7137,-99
FR_0000357,9197,6120,-99
FR_0000342,9204,6021,-99
6744400,9206,11081,-99
FR_0000751,9209,7085,-99
FR_0000584,9210,6960,-99
FR_0000514,9212,6638,-99
FR_0000356,9213,6112,-99
6123740,9213,7050,-99
FR_0000349,9215,5820,-99
FR_0000352,9220,5870,-99
6742700,9225,12602,-99
6348300,9228,7878,-99
FR_0001266,9229,6610,-99
FR_0000511,9233,6647,-99
6542200,9233,10578,-99
FR_0000502,9240,6537,-99
FR_0000752,9242,6991,-99
FR_0000103,9251,7353,-99
RU_0000270,9251,16076,-99
FR_0000519,9252,6112,-99
6139600,9252,7677,-99
FR_0000508,9261,6679,-99
RO_0000002,9261,12048,-99
FR_0000035,9266,7376,-99
6123640,9268,6782,-99
FR_0000482,9278,6464,-99
6124430,9279,6660,-99
6123750,9284,7020,-99
6123760,9285,6945,-99
6124520,9286,6339,-99
6139370,9286,7149,-99
FR_0000454,9294,6334,-99
6124510,9296,6330,-99
6742900,9306,12891,-99
6123770,9308,7011,-99
6983350,9315,15173,-99
FR_0000075,9316,7348,-99
6123641,9321,6726,-99
FR_0000452,9337,6352,-99
6123780,9346,7032,-99
6139725,9350,7483,-99
6983355,9352,15349,-99
6125650,9357,6751,-99
FR_0000074,9358,7307,-99
6139440,9363,7556,-99
FR_0000495,9367,6628,-99
6139735,9372,7408,-99
6348200,9372,8084,-99
2587080,9378,40054,-99
6139283,9379,7601,-99
FR_0000093,9381,7211,-99
6124501,9383,6229,-99
6124200,9386,6088,-99
2914600,9393,24921,-99
FR_0000126,9400,7083,-99
6125640,9401,6740,-99
6139740,9402,7475,-99
6742201,9404,11131,-99
2587081,9406,40096,-99
FR_0000411,9410,6792,-99
FR_0000410,9413,6806,-99
FR_0000594,9415,6997,-99
FR_0000442,9420,6776,-99
6124100,9426,5957,-99
FR_0000739,9426,6923,-99
FR_0000088,9427,7326,-99
FR_0000443,9431,6813,-99
6742200,9431,11379,-99
FR_0000142,9432,7411,-99
6742912,9432,12377,-99
6139130,9433,7317,-99
FR_0000143,9433,7425,-99
6742800,9436,12703,-99
FR_0000427,9443,5850,-99
FR_0000713,9448,6934,-99
6125600,9458,6476,-99
FR_0000444,9460,6652,-99
FR_0000221,9461,6949,-99
FR_0000445,9464,6671,-99
FR_0000415,9467,6794,-99
6139281,9467,7556,-99
FR_0000780,9468,5790,-99
FR_0000413,9472,6683,-99
FR_0000085,9472,7192,-99
6348201,9477,7896,-99
2587082,9483,40160,-99
6125660,9484,6822,-99
FR_0001250,9488,5814,-99
6139260,9491,7535,-99
6139270,9493,7371,-99
FR_0000070,9495,7271,-99
FR_0000431,9496,6083,-99
FR_0000287,9499,5819,-99
6125630,9500,6689,-99
6125100,9501,6053,-99
6125620,9504,6682,-99
6139261,9507,7596,-99
FR_0001284,9512,6900,-99
2587083,9512,40186,-99
6125610,9514,6492,-99
FR_0001280,9514,6867,-99
6125362,9517,6868,-99
FR_0001285,9517,6909,-99
6125361,9519,6838,-99
6125350,9524,6864,-99
6125670,9525,6672,-99
6742552,9538,11709,-99
6128710,9539,7663,-99
6125150,9542,7591,-99
6139255,9548,7506,-99
6125710,9549,6490,-99
FR_0000148,9553,6892,-99
RU_0000276,9573,16183,-99
6125720,9574,6583,-99
6139284,9579,7443,-99
6125320,9580,6701,-99
6139060,9582,6950,-99
6139250,9596,7500,-99
6139210,9601,7560,-99
RU_0000277,9613,16254,-99
6151100,9614,7803,-99
6128701,9622,7726,-99
6139100,9627,7124,-99
FR_0000284,9643,6585,-99
6985100,9646,15521,-99
6983800,9646,16059,-99
IT_0000175,9647,8808,-99
FR_0000289,9652,5704,-99
2587104,9656,40146,-99
RU_0000273,9663,16335,-99
2587103,9667,40111,-99
ES_0000184,9677,4150,-99
ES_0000076,9686,4102,-99
6742500,9689,12085,-99
ES_0000073,9691,4178,-99
FR_0001277,9691,6674,-99
IT_0000177,9695,8633,-99
IT_0000176,9703,8848,-99
2587102,9705,40052,-99
2587105,9705,40091,-99
ES_0000071,9706,4229,-99
ES_0000064,9712,4350,-99
6119010,9717,5795,-99
ES_0000058,9719,4455,-99
6125210,9720,6174,-99
FR_0001306,9722,7374,-99
ES_0000070,9726,4239,-99
6983750,9732,16018,-99
ES_0000049,9739,4585,-99
ES_0000068,9740,4285,-99
ES_0000050,9743,4550,-99
6125200,9743,6077,-99
2914500,9744,24995,-99
FR_0001307,9745,7548,-99
ES_0000057,9746,4544,-99
6545700,9748,10712,-99
ES_0000053,9750,4523,-99
ES_0000047,9751,4730,-99
ES_0000046,9751,4755,-99
ES_0000031,9754,5109,-99
ES_0000029,9754,5201,-99
ES_0000066,9755,4274,-99
ES_0000044,9755,4768,-99
RU_0000275,9755,17059,-99
ES_0000033,9756,5025,-99
ES_0000030,9760,5175,-99
2587101,9760,40006,-99
FR_0000288,9762,5628,-99
ES_0000037,9763,4894,-99
ES_0000040,9764,4875,-99
ES_0000032,9767,5048,-99
ES_0000021,9768,5550,-99
ES_0000020,9769,5585,-99
RU_0000274,9769,16459,-99
ES_0000085,9770,4000,-99
ES_0000056,9771,4589,-99
ES_0000022,9775,5463,-99
ES_0000036,9776,4888,-99
IT_0000164,9776,9185,-99
ES_0000039,9777,4840,-99
ES_0000083,9780,4066,-99
6119040,9780,5790,-99
ES_0000019,9781,5534,-99
FR_0000132,9782,7514,-99
ES_0000048,9784,4683,-99
ES_0000018,9784,5423,-99
ES_0000017,9784,5513,-99
ES_0000038,9787,4824,-99
ES_0000026,9788,5339,-99
6128100,9789,6565,-99
ES_0000028,9791,5269,-99
ES_0000027,9791,5334,-99
ES_0000051,9793,4429,-99
6119020,9794,5856,-99
6128630,9795,7466,-99
6119050,9796,5678,-99
FR_0001248,9797,6005,-99
ES_0000055,9799,4624,-99
ES_0000034,9800,4893,-99
ES_0000121,9804,4154,-99
ES_0000117,9806,4174,-99
FR_0000286,9806,6274,-99
6119120,9808,6062,-99
IT_0000134,9808,8986,-99
6547200,9815,10991,-99
2587106,9818,40005,-99
IT_0000149,9821,9120,-99
ES_0000061,9826,4349,-99
6125250,9828,6425,-99
FR_0001271,9829,6223,-99
IT_0000137,9833,9001,-99
IT_0000136,9835,8983,-99
ES_0000123,9839,4184,-99
6125260,9845,6483,-99
IT_0000147,9846,8770,-99
IT_0000165,9846,9204,-99
ES_0001144,9848,5341,-99
ES_0000093,9849,3924,-99
IT_0000166,9850,9219,-99
ES_0000247,9851,4703,-99
ES_0001007,9852,5699,-99
2587403,9857,40426,-99
6125230,9863,6295,-99
ES_0000220,9864,4827,-99
ES_0000060,9865,4323,-99
ES_0001008,9865,5614,-99
6125730,9872,6180,-99
ES_0000099,9873,4075,-99
ES_0001169,9873,5777,-99
ES_0000100,9876,4074,-99
ES_0001096,9877,5619,-99
IT_0000151,9879,9340,-99
ES_0001009,9880,5570,-99
ES_0001147,9882,5829,-99
2587200,9885,39710,-99
ES_0001029,9886,5184,-99
2587400,9887,40444,-99
ES_0001123,9891,5269,-99
ES_0000103,9893,3999,-99
ES_0001019,9894,5662,-99
ES_0000127,9898,4227,-99
IT_0000135,9903,8911,-99
IT_0000138,9905,8912,-99
ES_0001172,9907,5874,-99
IT_0000172,9907,8980,-99
6125240,9911,6398,-99
ES_0001102,9914,5297,-99
ES_0001015,9916,5308,-99
ES_0001014,9917,5304,-99
ES_0001012,9918,5511,-99
IT_0000184,9919,8931,-99
ES_0001003,9922,5811,-99
IT_0000152,9922,9288,-99
ES_0000149,9924,4384,-99
ES_0001131,9928,5974,-99
ES_0000950,9929,5412,-99
ES_0001006,9930,5689,-99
ES_0001038,9931,5709,-99
ES_0001108,9932,6083,-99
ES_0001107,9933,5760,-99
ES_0000105,9935,3926,-99
2587220,9939,40114,-99
2587210,9942,40064,-99
IT_0000146,9943,9056,-99
ES_0001013,9947,5699,-99
ES_0001053,9947,6200,-99
ES_0001154,9947,6277,-99
ES_0000152,9949,4371,-99
ES_0001109,9949,6047,-99
ES_0000993,9951,5285,-99
IT_0000140,9952,8863,-99
FR_0001299,9953,6716,-99
ES_0001166,9955,6296,-99
ES_0000163,9956,4238,-99
ES_0000982,9960,5356,-99
ES_0000994,9964,6036,-99
ES_0001073,9969,6158,-99
ES_0001068,9971,6181,-99
6150500,9972,8272,-99
ES_0000984,9975,6018,-99
ES_0000212,9978,4940,-99
ES_0000965,9978,6465,-99
ES_0001057,9979,5470,-99
6985400,9979,16248,-99
IT_0000180,9981,9137,-99
IT_0000153,9981,9347,-99
ES_0001060,9982,5844,-99
ES_0001074,9983,6177,-99
ES_0000947,9989,5532,-99
ES_0000966,9993,6348,-99
ES_0000967,9995,6350,-99
IT_0000168,9995,9211,-99
ES_0000981,9997,5225,-99
ES_0000949,9997,5604,-99
ES_0000980,10003,5394,-99
ES_0000948,10003,5568,-99
ES_0001039,10011,6249,-99
ES_0001000,10014,5819,-99
ES_0001094,10016,5271,-99
ES_0000991,10018,5333,-99
ES_0001048,10024,6322,-99
ES_0000990,10033,6095,-99
ES_0000946,10036,5593,-99
ES_0000979,10049,5363,-99
ES_0001127,10049,5935,-99
ES_0001122,10051,5773,-99
ES_0000988,10054,5440,-99
ES_0001028,10058,5974,-99
ES_0001076,10062,5517,-99
ES_0000140,10063,3927,-99
ES_0000266,10064,4617,-99
6985350,10071,16030,-99
6563200,10080,11145,-99
ES_0001126,10084,5898,-99
IT_0000143,10098,9143,-99
ES_0001001,10107,5692,-99
ES_0001111,10108,5572,-99
PT_0000025,10111,3979,-99
ES_0001117,10127,6198,-99
IT_0000173,10131,9319,-99
ES_0000308,10134,4680,-99
ES_0001031,10138,5956,-99
6150400,10145,8178,-99
IT_0000159,10146,9268,-99
IT_0000156,10163,9327,-99
IT_0000174,10164,9510,-99
ES_0001142,10167,5784,-99
ES_0001128,10170,6047,-99
ES_0000961,10193,6082,-99
ES_0000998,10226,5524,-99
ES_0001049,10240,5910,-99
ES_0000195,10251,5166,-99
6112080,10273,4039,-99
ES_0001075,10288,5799,-99
ES_0000954,10294,5659,-99
ES_0001059,10311,5783,-99
ES_0000278,10321,4410,-99
ES_0000386,10331,5298,-99
ES_0000372,10360,5528,-99
ES_0000233,10387,4910,-99
ES_0000353,10392,5379,-99
ES_0000844,10392,6054,-99
ES_0000232,10403,4870,-99
ES_0000861,10412,5766,-99
ES_0000350,10417,5536,-99
ES_0000376,10437,5441,-99
ES_0000352,10450,5257,-99
2588600,10453,39923,-99
ES_0000459,10457,4556,-99
ES_0000473,10461,4871,-99
ES_0000442,10461,4962,-99
ES_0000860,10473,5731,-99
ES_0000192,10477,4755,-99
ES_0000848,10477,5732,-99
ES_0000397,10486,5233,-99
2916680,10499,23287,-99
2589801,10507,39688,-99
2589800,10511,39657,-99
ES_0000414,10518,4535,-99
ES_0000863,10520,5814,-99
ES_0000429,10523,4789,-99
ES_0000849,10544,5692,-99
ES_0000417,10564,4494,-99
ES_0000905,10574,5589,-99
ES_0000446,10575,4583,-99
ES_0000851,10597,5725,-99
2588706,10599,39878,-99
ES_0000430,10604,4324,-99
ES_0000845,10607,5902,-99
ES_0000469,10614,4675,-99
ES_0000470,10617,4699,-99
ES_0000903,10626,5469,-99
ES_0000879,10632,5613,-99
ES_0000907,10638,5625,-99
ES_0000854,10644,5621,-99
2589750,10653,39638,-99
ES_0000433,10662,4320,-99
2589754,10669,39726,-99
ES_0000468,10679,4532,-99
2589751,10683,39699,-99
2589752,10690,39711,-99
ES_0000578,10700,5206,-99
2588705,10708,39871,-99
ES_0000580,10709,5383,-99
2589610,10710,39616,-99
ES_0000593,10713,5381,-99
ES_0000484,10719,4443,-99
ES_0000579,10726,5192,-99
2589753,10733,39696,-99
2588704,10736,39869,-99
ES_0000640,10752,5139,-99
ES_0000583,10757,5070,-99
ES_0000585,10758,5046,-99
2588703,10760,39879,-99
2588702,10811,39881,-99
ES_0000932,10822,5491,-99
ES_0000931,10824,5459,-99
ES_0000546,10826,4943,-99
2589701,10828,39578,-99
ES_0000891,10830,5932,-99
2588701,10856,39905,-99
2589700,10857,39615,-99
2588700,10880,39908,-99
ES_0000898,10903,5796,-99
ES_0000774,10916,5537,-99
2589703,10958,39669,-99
2588620,10990,39811,-99
2589240,11008,39471,-99
2588655,11025,39784,-99
2588651,11057,39780,-99
ES_0000666,11067,5359,-99
TM_0000001,11077,21655,-99
6116100,11079,4112,-99
2588652,11080,39724,-99
ES_0000720,11091,5100,-99
2589550,11102,39424,-99
2589551,11133,39553,-99
ES_0000697,11153,4514,-99
PT_0000014,11155,4181,-99
2588653,11156,39697,-99
ES_0000698,11194,4568,-99
ES_0000716,11206,4497,-99
2677300,11208,36635,-99
2588654,11208,39694,-99
6115800,11209,3968,-99
2589501,11220,39312,-99
2589505,11221,39343,-99
ES_0000717,11231,5054,-99
ES_0000688,11237,5000,-99
2589250,11252,39184,-99
ES_0000722,11264,5147,-99
2217100,11283,22391,-99
2217130,11344,22608,-99
2589502,11344,39194,-99
2217101,11351,22518,-99
2589400,11351,38928,-99
2589506,11370,39152,-99
2588555,11376,39371,-99
2218470,11379,22267,-99
2588561,11387,39340,-99
2589503,11391,39147,-99
2589504,11431,39188,-99
2588560,11449,39379,-99
2694100,11454,36454,-99
2588554,11457,39408,-99
2588553,11462,39452,-99
2588559,11462,39513,-99
2218480,11471,21827,-99
2588552,11473,39481,-99
2588550,11485,39528,-99
2588501,11493,39407,-99
2588557,11514,39596,-99
2218401,11530,21576,-99
MA_0000010,11597,4622,-99
2217120,11614,22484,-99
2217103,11616,22465,-99
2588322,11617,39102,-99
2588483,11620,39247,-99
2588481,11633,39228,-99
2588850,11639,38211,-99
2589420,11643,38349,-99
2588300,11654,38887,-99
2588810,11657,38008,-99
2588301,11663,38871,-99
2240302,11671,22712,-99
2588304,11673,38805,-99
2589410,11687,38431,-99
2217110,11698,22317,-99
2588480,11712,39260,-99
2240301,11719,22628,-99
2240310,11739,22591,-99
CY_0000007,11741,13922,-99
6196200,11752,13894,-99
2218101,11752,21365,-99
2694200,11754,36417,-99
6196600,11755,14014,-99
2589200,11760,37749,-99
MA_0000002,11765,5194,-99
6196650,11773,14034,-99
2589201,11773,37834,-99
2240300,11775,22676,-99
2240210,11783,23073,-99
2180712,11787,29562,-99
2589100,11791,38186,-99
2588320,11794,39073,-99
2588200,11803,38553,-99
2589202,11805,37881,-99
6196040,11821,13797,-99
2589320,11822,38151,-99
2180600,11825,31170,-99
6196500,11826,13996,-99
2589310,11828,38083,-99
2589101,11828,38181,-99
6196060,11829,13815,-99
6196080,11833,13824,-99
2588830,11837,37638,-99
2240102,11853,22733,-99
2589360,11860,38548,-99
2240103,11863,22656,-99
2588101,11872,37784,-99
2218203,11874,21661,-99
2588100,11888,37798,-99
2588920,11888,38797,-99
2589350,11939,38475,-99
2218300,11947,21120,-99
2218301,11967,21408,-99
2591800,11984,38208,-99
2591230,12014,38308,-99
2591210,12047,37856,-99
2590200,12060,37375,-99
2588250,12060,38625,-99
2591200,12101,37962,-99
2591201,12108,38020,-99
2591220,12119,37813,-99
2590101,12157,37400,-99
2590100,12163,37318,-99
MA_0000006,12215,4499,-99
CN_0000185,12229,31680,-99
1309620,12242,4642,-99
2590220,12252,37339,-99
2590300,12370,37357,-99
IL_0000001,12386,14368,-99
2181951,12405,33375,-99
2590301,12428,37383,-99
2590400,12491,37535,-99
2590230,12513,37281,-99
2590401,12514,37467,-99
6593700,12520,14348,-99
2181200,12614,30759,-99
CN_0000001,12676,29324,-99
CN_0000052,12987,28027,-99
CN_0000049,13091,28694,-99
CN_0000164,13132,28050,-99
CN_0000048,13136,28070,-99
2548320,13203,25472,-99
CN_0000050,13222,27504,-99
2549240,13445,26062,-99
2550120,13485,26584,-99
CN_0000166,13602,34205,-99
IN_0000003,13964,23343,-99
OM_0000001,14001,19495,-99
CN_0000045,14011,30053,-99
CN_0000035,14144,30136,-99
IN_0000004,14162,23203,-99
CN_0000006,14164,29731,-99
CN_0000034,14239,29675,-99
CN_0000003,14271,30119,-99
OM_0000002,14279,19437,-99
IN_0000005,14311,23410,-99
IN_0000006,14331,23400,-99
IN_0000012,14344,23521,-99
IN_0000056,14354,28038,-99
OM_0000003,14374,19643,-99
CN_0000015,14380,29848,-99
IN_0000017,14381,23871,-99
IN_0000018,14430,23813,-99
CN_0000027,14436,29755,-99
IN_0000019,14457,23792,-99
CN_0000028,14477,29817,-99
2124150,14500,19568,-99
IN_0000009,14508,23283,-99
CN_0000025,14539,31003,-99
IN_0000016,14555,23932,-99
IN_0000026,14565,25118,-99
IN_0000244,14591,25731,-99
IN_0000020,14626,23836,-99
IN_0000028,14632,24963,-99
IN_0000008,14649,22983,-99
IN_0000027,14657,25041,-99
IN_0000029,14658,24910,-99
IN_0000030,14659,24803,-99
CN_0000040,14674,30855,-99
IN_0000254,14684,26692,-99
IN_0000031,14697,24655,-99
IN_0000025,14697,25349,-99
IN_0000253,14740,26752,-99
IN_0000021,14751,23554,-99
IN_0000033,14761,24478,-99
IN_0000089,14788,25175,-99
IN_0000229,14802,26425,-99
IN_0000224,14822,26351,-99
IN_0000241,14852,26162,-99
IN_0000035,14855,24163,-99
IN_0000231,14863,26561,-99
IN_0000242,14883,25969,-99
MM_0000002,14884,29049,-99
IN_0000088,14907,25242,-99
IN_0000226,14919,26386,-99
IN_0000234,14946,25869,-99
IN_0000246,14948,25763,-99
IN_0000010,14959,22843,-99
IN_0000245,14962,25805,-99
IN_0000095,14970,25260,-99
IN_0000232,14988,26860,-99
IN_0000040,14998,24420,-99
CN_0000018,15016,30373,-99
IN_0000039,15022,23511,-99
IN_0000251,15038,25582,-99
IN_0000042,15047,24296,-99
IN_0000248,15063,25499,-99
IN_0000093,15067,25015,-99
IN_0000230,15069,26669,-99
IN_0000240,15124,26049,-99
IN_0000236,15126,25650,-99
IN_0000225,15132,26458,-99
IN_0000227,15136,26524,-99
IN_0000223,15147,26643,-99
IN_0000044,15149,24477,-99
IN_0000051,15153,23516,-99
IN_0000237,15203,26093,-99
IN_0000233,15218,26348,-99
IN_0000080,15228,24797,-99
IN_0000086,15231,24914,-99
2969019,15304,29953,-99
IN_0000238,15311,25973,-99
IN_0000053,15336,23585,-99
2969009,15354,29844,-99
2469400,15367,30545,-99
2969014,15372,29936,-99
2969013,15379,29963,-99
2969029,15393,29960,-99
IN_0000082,15404,24858,-99
IN_0000055,15428,23503,-99
2969025,15432,29884,-99
2969030,15434,30045,-99
IN_0000252,15476,26372,-99
2969016,15497,29869,-99
IN_0000078,15520,25081,-99
IN_0000072,15528,25365,-99
IN_0000272,15533,25736,-99
IN_0000077,15535,25652,-99
IN_0000073,15580,25512,-99
IN_0000076,15596,25495,-99
2261510,15622,29160,-99
IN_0000071,15635,25282,-99
IN_0000169,15636,26129,-99
2469055,15686,30562,-99
IN_0000096,15691,25153,-99
IN_0000067,15692,25714,-99
IN_0000061,15699,25294,-99
2469141,15715,30602,-99
2469058,15739,30609,-99
IN_0000306,15747,25599,-99
IN_0000161,15764,26132,-99
IN_0000314,15783,23588,-99
IN_0000147,15861,24002,-99
2969430,15863,30400,-99
2969090,15869,30652,-99
IN_0000099,15888,25534,-99
2969069,15910,30338,-99
IN_0000167,15915,25919,-99
IN_0000144,15951,24212,-99
IN_0000100,15964,25532,-99
2969435,15975,30303,-99
2469102,15985,31150,-99
2969460,16006,30425,-99
2969437,16010,30275,-99
IN_0000098,16019,25598,-99
IN_0000138,16031,24517,-99
2469098,16061,31195,-99
2969071,16066,30363,-99
IN_0000119,16099,25285,-99
TH_0000146,16112,30521,-99
IN_0000123,16130,25041,-99
IN_0000116,16131,23911,-99
IN_0000139,16143,24510,-99
IN_0000118,16148,25276,-99
IN_0000115,16155,23904,-99
IN_0000157,16157,23897,-99
ML_0000030,16163,5270,-99
2969417,16166,31128,-99
IN_0000156,16185,23829,-99
IN_0000155,16186,23880,-99
TH_0000149,16200,30510,-99
ML_0000029,16255,5188,-99
2469120,16274,31275,-99
IN_0000259,16276,24249,-99
2969115,16306,30966,-99
IN_0000149,16351,24174,-99
ML_0000032,16400,6119,-99
2964160,16475,29889,-99
2969124,16479,30998,-99
2969101,16481,31318,-99
2969220,16502,31259,-99
2969211,16584,31219,-99
NE_0000002,16619,6142,-99
IN_0000165,16627,24880,-99
2969210,16632,31236,-99
2369800,16717,31920,-99
IN_0000128,16742,24157,-99
1234130,16862,6387,-99
1134250,16867,4548,-99
2569005,16912,31426,-99
1234150,16915,6499,-99
IN_0000310,16915,23971,-99
IN_0000316,16968,23995,-99
IN_0000204,17044,24249,-99
NE_0000007,17051,6531,-99
IN_0000203,17052,24188,-99
1134100,17071,4187,-99
IN_0000210,17146,24753,-99
IN_0000178,17159,24230,-99
IN_0000196,17179,24526,-99
1537100,17252,9606,-99
IN_0000209,17264,24954,-99
BJ_0000017,17308,6815,-99
1734600,17342,6797,-99
1134030,17356,3920,-99
2569002,17380,31187,-99
IN_0000267,17506,24249,-99
NG_0000009,17536,8305,-99
IN_0000277,17544,24287,-99
IN_0000275,17572,24377,-99
IN_0000274,17577,24356,-99
1634800,17608,3917,-99
1634420,17615,3665,-99
IN_0000219,17759,24596,-99
IN_0000269,17762,24391,-99
IN_0000268,17774,24354,-99
1531450,17833,5738,-99
IN_0000281,17837,24385,-99
IN_0000285,17903,24396,-99
IN_0000284,17948,24407,-99
IN_0000263,17982,24422,-99
IN_0000216,18023,24635,-99
IN_0000282,18068,24443,-99
IN_0000215,18068,24680,-99
1577101,18148,15306,-99
BJ_0000001,18455,6451,-99
2357750,18675,25246,-99
5222150,18766,30149,-99
5231700,18887,34222,-99
5222300,18906,30164,-99
1526300,18920,5607,-99
1425500,19105,4184,-99
1749100,19113,10462,-99
5222600,19123,30261,-99
5226300,19247,30326,-99
5226500,19342,30345,-99
5226800,19476,30403,-99
5229200,19620,30861,-99
